{
  "main": {
    "id": "9c22d99761dbb693",
    "type": "split",
    "children": [
      {
        "id": "68dd2f0ab595f416",
        "type": "tabs",
        "children": [
          {
            "id": "042e62b5d09c7906",
            "type": "leaf",
            "state": {
              "type": "markdown",
              "state": {
                "file": "Rules/Turn Phases.md",
                "mode": "source",
                "source": false
              }
            }
          }
        ]
      }
    ],
    "direction": "vertical"
  },
  "left": {
    "id": "7315c79d2e8f0bab",
    "type": "split",
    "children": [
      {
        "id": "79af7b318ddfff5d",
        "type": "tabs",
        "children": [
          {
            "id": "5f6586ab058c7748",
            "type": "leaf",
            "state": {
              "type": "file-explorer",
              "state": {
                "sortOrder": "alphabetical"
              }
            }
          },
          {
            "id": "bbe9c1b8a37b8e85",
            "type": "leaf",
            "state": {
              "type": "search",
              "state": {
                "query": "",
                "matchingCase": false,
                "explainSearch": false,
                "collapseAll": false,
                "extraContext": false,
                "sortOrder": "alphabetical"
              }
            }
          },
          {
            "id": "351469832bad4f7b",
            "type": "leaf",
            "state": {
              "type": "bookmarks",
              "state": {}
            }
          }
        ]
      }
    ],
    "direction": "horizontal",
    "width": 300
  },
  "right": {
    "id": "7ad53bb201919e28",
    "type": "split",
    "children": [
      {
        "id": "4c483fc42c38397c",
        "type": "tabs",
        "children": [
          {
            "id": "9764dadc07c966a4",
            "type": "leaf",
            "state": {
              "type": "backlink",
              "state": {
                "file": "Rules/Turn Phases.md",
                "collapseAll": false,
                "extraContext": false,
                "sortOrder": "alphabetical",
                "showSearch": false,
                "searchQuery": "",
                "backlinkCollapsed": false,
                "unlinkedCollapsed": true
              }
            }
          },
          {
            "id": "d899397800b641cb",
            "type": "leaf",
            "state": {
              "type": "outgoing-link",
              "state": {
                "file": "Rules/Turn Phases.md",
                "linksCollapsed": false,
                "unlinkedCollapsed": true
              }
            }
          },
          {
            "id": "a629f0d0dbc36ddb",
            "type": "leaf",
            "state": {
              "type": "tag",
              "state": {
                "sortOrder": "frequency",
                "useHierarchy": true
              }
            }
          },
          {
            "id": "08094e2a71f20b07",
            "type": "leaf",
            "state": {
              "type": "outline",
              "state": {
                "file": "Rules/Turn Phases.md"
              }
            }
          }
        ]
      }
    ],
    "direction": "horizontal",
    "width": 300,
    "collapsed": true
  },
  "left-ribbon": {
    "hiddenItems": {
      "switcher:Open quick switcher": false,
      "graph:Open graph view": false,
      "canvas:Create new canvas": false,
      "daily-notes:Open today's daily note": false,
      "templates:Insert template": false,
      "command-palette:Open command palette": false
    }
  },
  "active": "042e62b5d09c7906",
  "lastOpenFiles": [
    "Rules/Combat Phases.md",
    "Rules/Core Rules and Concepts.md",
    "Images/rolls.png",
    "Images/exampleAttack.png",
    "Rules/Turn Phases.md",
    "Rules/Introduction + Table of Contents.md",
    "Images",
    "Rules",
    "Models I NEED.md"
  ]
}